date,negative,netural,positive
2018-12-3,39.62608965,-25.35564494,-2.726582482
2018-12-4,24.58238127,-31.31860527,17.78521152
2018-12-5,20.70974955,-34.53041971,27.49006339
2018-12-6,35.3668622,-31.22809985,9.582705051
2018-12-7,22.36390773,-30.3637304,20.29509777
2018-12-10,51.62086295,-25.52184603,-9.866117641
2018-12-11,58.09664346,-36.30622724,-1.747685254
2018-12-12,29.17889547,-29.87040704,15.04559087
2018-12-13,36.87691393,-25.72982213,3.534206048
2018-12-14,47.7055128,-46.4753595,21.55959561
2018-12-17,38.52433379,-24.14757019,-2.749776289
2018-12-18,81.78203905,-45.7937803,-7.925027713
2018-12-19,46.58221391,-38.52132341,13.6884207
2018-12-20,79.27018563,-48.73827669,-4.144781984
2018-12-21,51.15304278,-41.80161175,11.85612966
2018-12-24,56.69090264,-34.6635779,-1.779947162
2018-12-25,86.17693031,-43.88638657,-14.19215769
2018-12-26,46.5130099,-35.06671718,3.600368798
2018-12-27,24.49480245,-38.92733547,31.58022573
2018-12-28,35.2584471,-54.3592529,42.41241045
2018-12-31,-15.47571399,-29.56927565,51.34520052
2019-1-1,-12.06914724,-12.71006933,25.45832148
2019-1-2,42.14456377,-43.38134819,21.77175072
2019-1-3,77.46476017,-48.36513016,-2.598299518
2019-1-4,38.79836725,-49.781937,32.17787923
2019-1-7,12.89300291,-36.63632959,33.36521429
2019-1-8,34.21144176,-38.28980237,21.45777336
2019-1-9,66.71617465,-51.89418069,11.68457767
2019-1-10,39.99335286,-46.9019022,27.03374177
2019-1-11,40.67972262,-43.83627972,23.55748791
2019-1-14,58.83014547,-25.37419707,-18.88968769
2019-1-15,29.7424143,-38.52393338,22.88040231
2019-1-16,56.95681033,-34.96074373,-3.114316881
2019-1-17,35.53803995,-36.05401981,15.52077587
2019-1-18,85.0628849,-41.29879984,-17.18142867
2019-1-21,31.85254856,-26.61846083,5.41485706
2019-1-22,47.51416559,-29.53632084,-3.507274106
2019-1-23,57.62451068,-40.37898302,5.090311766
2019-1-24,40.8703154,-37.98575419,12.2329015
2019-1-25,47.06472969,-31.39896849,2.978060782
2019-1-28,7.374142759,-15.93862805,12.17768268
2019-1-29,14.0762248,-36.43383718,34.54483843
2019-1-30,42.77855068,-28.27049407,-0.305598944
2019-1-31,29.05213773,-32.7416476,17.55737374
2019-2-1,23.64098906,-26.36522952,15.01404637
2019-2-4,4.253533854,-15.90420607,18.20338657
2019-2-5,5.939674258,-17.70572311,20.07826039
2019-2-6,24.90208833,-25.21871001,11.50134654
2019-2-7,18.80731254,-21.37724134,9.528657362
2019-2-8,36.91901803,-19.73339331,-6.923771031
2019-2-11,34.03896097,-21.69425079,3.67821341
2019-2-12,20.30314083,-35.66714844,30.91991812
2019-2-13,29.74883626,-34.14243069,18.98518714
2019-2-14,42.7870056,-33.27908373,5.337446958
2019-2-15,50.22925708,-35.61725527,3.08049044
2019-2-18,11.62329847,-26.14592066,23.86835372
2019-2-19,50.22152904,-41.84691221,7.43748039
2019-2-20,37.95509606,-33.72452185,8.251225337
2019-2-21,41.76250577,-32.56202206,5.505803123
2019-2-22,66.38724604,-42.05195388,-1.766410336
2019-2-25,32.12476066,-32.90811193,17.76662545
2019-2-26,48.66445254,-35.65749744,2.447131336
2019-2-27,74.07424844,-38.22705635,-14.10610297
2019-2-28,35.27844058,-32.89821669,11.65667801
2019-3-1,56.529055,-32.42512605,-3.905463696
2019-3-4,55.64777802,-32.63859603,-4.708927989
2019-3-5,49.18636106,-33.51049271,-0.122805208
2019-3-6,31.8967669,-29.91434428,13.21578369
2019-3-7,54.73006127,-37.22652003,-0.075317264
2019-3-8,28.97880373,-27.26962204,15.2211194
2019-3-11,33.75618325,-33.34961444,16.47954017
2019-3-12,13.79955386,-37.34526792,35.44346
2019-3-13,46.25140094,-31.20469958,1.510142446
2019-3-14,55.01405259,-38.96515566,2.333746731
2019-3-15,33.75890971,-32.43788424,13.82770081
2019-3-18,17.91532913,-35.86837602,30.27718403
2019-3-19,35.3914704,-35.69911399,17.46896655
2019-3-20,31.01331418,-44.15573791,29.66778621
2019-3-21,70.48222666,-31.99683446,-19.22701609
2019-3-22,66.73593267,-37.54533142,-10.65340225
2019-3-25,55.98665179,-28.55586141,-9.50118129
2019-3-26,35.35725887,-35.98179349,18.04348375
2019-3-27,47.37430534,-33.70715341,2.176918477
2019-3-28,46.96425711,-33.06602439,-0.134358808
2019-3-29,38.92330743,-29.79643574,4.968897909
2019-4-1,32.78363512,-26.32749915,8.593963422
2019-4-2,18.98725139,-34.7326102,27.81843622
2019-4-3,26.38269036,-31.85927206,19.7493054
2019-4-4,27.35430494,-30.05856207,14.84628022
2019-4-5,30.87344971,-29.57126173,16.60654303
2019-4-8,42.42804817,-27.30730829,2.546987191
2019-4-9,34.87850626,-32.45108843,9.740097493
2019-4-10,49.73008994,-35.25305176,0.874287263
2019-4-11,28.61690221,-31.92840499,16.64455105
2019-4-12,27.92426554,-33.16991103,18.05963151
2019-4-15,52.04577023,-22.60831237,-16.17919347
2019-4-16,49.02445024,-29.97938082,-1.48883298
2019-4-17,20.50429966,-24.9649505,14.68766692
2019-4-18,17.89696455,-27.00746025,24.31653723
2019-4-19,44.93813054,-20.67842478,-12.30844106
2019-4-22,13.137538,-21.29949865,15.7285696
2019-4-23,22.96393476,-29.83509773,17.70584217
2019-4-24,25.90791572,-31.19492441,19.16810982
2019-4-25,41.74639401,-25.00504786,-3.234632909
2019-4-26,9.475449834,-38.02876741,42.6096281
2019-4-29,20.56333003,-26.82756317,19.9121003
2019-4-30,50.81439717,-29.46059984,-6.882744074
2019-5-1,17.03118861,-25.27081129,17.9602288
2019-5-2,21.07084784,-22.55181539,11.20311115
2019-5-3,8.809374388,-19.05973333,18.33052328
2019-5-6,26.39295321,-17.92480975,-1.543061703
2019-5-7,18.43062668,-30.05157986,20.9123801
2019-5-8,39.61076756,-27.53486583,4.311731309
2019-5-9,40.80431365,-29.77546567,5.619018547
2019-5-10,33.13314048,-29.65424144,13.19813445
2019-5-13,42.83799499,-28.4758302,-1.238132164
2019-5-14,24.24310273,-35.44461551,24.53674018
2019-5-15,37.11470234,-35.19385061,17.48302588
2019-5-16,35.73136517,-38.3014915,18.95954011
2019-5-17,33.8325559,-30.15188101,10.62903757
2019-5-20,23.68417476,-22.40186957,11.04740576
2019-5-21,32.21993497,-32.92013988,15.20214136
2019-5-22,25.18377976,-36.62292171,24.47650053
2019-5-23,44.14043601,-43.01229566,19.28517662
2019-5-24,29.04924154,-27.93844643,10.4540646
2019-5-27,30.94683559,-26.85572609,10.28080082
2019-5-28,53.58503086,-31.93013048,-3.040274739
2019-5-29,58.48001163,-35.82501265,-1.127303898
2019-5-30,32.54176759,-36.32720843,19.89720017
2019-5-31,38.87830964,-35.00503772,11.91768201
2019-6-3,33.57593195,-22.33486652,-1.719192922
2019-6-4,31.38018784,-30.71091658,14.3052917
2019-6-5,36.8143956,-42.38945401,27.38920231
2019-6-6,38.12150942,-32.9924736,10.42762318
2019-6-7,16.72741172,-23.20083472,17.40080108
2019-6-10,12.52444493,-30.72490013,31.64058392
2019-6-11,50.67940989,-34.72519797,1.234034508
2019-6-12,58.82101417,-38.32280597,-0.575814918
2019-6-13,22.3937858,-40.85148427,33.12018953
2019-6-14,-1.611362845,-32.71594223,42.77932136
2019-6-17,22.26206071,-23.68410659,14.75018284
2019-6-18,47.06935415,-35.80832985,7.778078511
2019-6-19,12.38252656,-38.67703921,35.87171213
2019-6-20,25.58492067,-37.89859957,23.63521577
2019-6-21,7.126168475,-30.68410835,33.24703261
2019-6-24,37.96537554,-33.11199078,14.29378606
2019-6-25,51.94116437,-34.99066535,1.432268217
2019-6-26,84.10876798,-47.66036671,-9.566937879
2019-6-27,41.66535509,-44.38700181,22.2935787
2019-6-28,6.491276413,-37.20182434,42.52339524
2019-7-1,10.72130666,-37.60558349,37.49418814
2019-7-2,59.69639741,-41.098901,5.860653833
2019-7-3,28.21983962,-37.60568362,27.1375188
2019-7-4,56.40242236,-39.53782511,4.188118324
2019-7-5,25.99982555,-30.48445854,21.03930064
2019-7-8,26.46114928,-26.88051188,12.99233137
2019-7-9,22.97224712,-29.71525654,18.68218858
2019-7-10,39.65665406,-30.78436154,5.154087588
2019-7-11,4.303516032,-33.3838309,35.83619883
2019-7-12,32.86859952,-30.69329074,12.46923418
2019-7-15,26.95926972,-31.97353607,19.2308759
2019-7-16,11.60635269,-30.21984634,31.65529625
2019-7-17,51.5260643,-32.0160273,-3.213396683
2019-7-18,22.7960207,-30.25401768,21.15524347
2019-7-19,29.69742341,-27.46775752,8.94573386
2019-7-22,37.52318925,-26.75233927,-0.252773032
2019-7-23,20.53360878,-32.50164443,23.89691378
2019-7-24,58.13676713,-34.32613337,-4.524414167
2019-7-25,30.65877242,-35.04170528,21.82305343
2019-7-26,60.47578753,-36.0740971,-3.803834006
2019-7-29,31.32895857,-28.83850574,10.55332808
2019-7-30,28.53091428,-38.24069104,24.87846339
2019-7-31,10.61224011,-27.33322379,25.60294856
2019-8-1,45.22694122,-34.408564,7.41024226
2019-8-2,59.55649346,-42.11344793,2.693761725
2019-8-5,48.55974402,-39.13078767,7.758460477
2019-8-6,39.03167659,-36.84622791,13.09094179
2019-8-7,18.54588258,-36.71769291,27.8205995
2019-8-8,38.46607135,-37.73738199,14.93099989
2019-8-9,55.65920985,-36.74125612,2.411174469
2019-8-12,25.31807948,-33.16050524,18.97556107
2019-8-13,27.57677765,-30.41471291,15.43030092
2019-8-14,53.79922036,-36.07954994,5.78251072
2019-8-15,64.94729458,-35.79594588,-6.084220141
2019-8-16,21.08774675,-38.77374834,30.18457378
2019-8-19,9.709584549,-33.7942158,36.58772949
2019-8-20,52.37866161,-34.82414266,3.051275834
2019-8-21,14.08602357,-41.95214453,43.54342799
2019-8-22,37.71634771,-42.29343626,22.31038409
2019-8-23,44.22778146,-39.28484371,10.23652425
2019-8-26,40.28789843,-27.23902375,0.904722817
2019-8-27,27.48610644,-34.52519676,23.92789316
2019-8-28,75.84781259,-42.69592193,-11.86522387
2019-8-29,65.52592999,-39.2403053,-7.700234562
2019-8-30,47.80450833,-38.9468945,11.13636632
2019-9-2,77.71648371,-38.45960796,-15.94089636
2019-9-3,47.84154643,-37.05096683,6.04888925
2019-9-4,33.41042967,-42.19871551,26.00742972
2019-9-5,28.13309039,-28.2286894,12.6023073
2019-9-6,53.3617479,-34.64008737,2.571006
2019-9-9,42.60151249,-32.9914335,5.138974011
2019-9-10,58.48649476,-40.56119043,4.084114648
2019-9-11,25.19300894,-37.8578355,26.93156758
2019-9-12,27.57295552,-31.5543355,19.71386109
2019-9-13,42.7806235,-24.53151032,-4.512172602
2019-9-16,18.92453425,-33.59329131,27.09076306
2019-9-17,48.51725295,-40.09819278,10.83832601
2019-9-18,49.13888806,-32.79985586,1.688474432
2019-9-19,57.48655857,-43.04794204,9.154691517
2019-9-20,26.67067097,-33.07613,21.86530066
2019-9-23,38.07412263,-24.14263043,3.56934049
2019-9-24,48.07745373,-36.83230829,6.386845887
2019-9-25,68.64907764,-36.70341015,-12.21760187
2019-9-26,67.89962483,-34.51317257,-12.03347941
2019-9-27,52.37635724,-35.40149364,5.067174613
2019-9-30,20.69904099,-22.82819912,14.79947039
2019-10-1,39.81363023,-33.45322889,9.729693428
2019-10-2,14.34750563,-22.44267392,17.7422723
2019-10-3,51.36760351,-43.61328551,14.66060957
2019-10-4,9.99888587,-22.15656862,20.42046577
2019-10-7,28.79829876,-23.67304939,6.661862098
2019-10-8,77.96906734,-39.4727211,-13.30666319
2019-10-9,36.69076638,-39.02793708,18.83310375
2019-10-10,44.76942503,-34.88104612,8.821934283
2019-10-11,66.94503041,-40.07884964,-3.962347671
2019-10-14,28.23388332,-35.26520833,22.68536926
2019-10-15,28.75501353,-40.67724416,29.56237397
2019-10-16,80.09512954,-46.85233513,-4.080095455
2019-10-17,62.67094219,-35.01395205,-6.729315616
2019-10-18,26.74365877,-37.60285965,28.52396524
2019-10-21,50.392212,-30.88980967,-4.100395992
2019-10-22,26.78646165,-32.72461843,20.88690637
2019-10-23,61.21765515,-37.60474733,-3.749040976
2019-10-24,36.46285182,-28.27627313,4.71878843
2019-10-25,14.06589198,-28.38055015,25.58400403
2019-10-28,21.07755846,-25.86506709,14.47036549
2019-10-29,32.6582966,-26.01560822,5.53528221
2019-10-30,19.05020019,-32.56342071,27.5729536
2019-10-31,50.33296553,-40.38648054,14.1198931
2019-11-1,44.45308501,-35.65412062,10.16760977
2019-11-4,35.5341546,-33.99130836,17.7450414
2019-11-5,58.93692503,-35.71096867,-2.939946108
2019-11-6,24.78495571,-39.15333787,29.04928606
2019-11-7,39.34774284,-30.6245625,6.284113094
2019-11-8,42.87145449,-33.81289443,7.738488719
2019-11-11,40.19071798,-28.11713442,3.456744149
2019-11-12,33.0244339,-32.44449139,13.67964602
2019-11-13,47.73406111,-40.13414094,15.02675772
2019-11-14,44.8941188,-39.28999057,13.2599782
2019-11-15,40.92057132,-30.71232115,8.673546582
2019-11-18,17.8919496,-31.8449727,25.32358117
2019-11-19,37.90072633,-32.60379532,9.282123983
2019-11-20,50.27324308,-36.08177274,6.189390928
2019-11-21,30.50068154,-28.39273003,12.09420046
2019-11-22,46.05252202,-33.43467188,10.08807388
2019-11-25,35.38463058,-30.70851907,11.33635764
2019-11-26,53.25759214,-37.99314067,6.139821619
2019-11-27,52.19570386,-38.69906864,6.115051061
2019-11-28,55.15100619,-30.91561034,-6.049340621
2019-11-29,16.45316833,-33.94424683,33.69084428
2019-12-2,24.8006971,-34.11894539,24.70807201
2019-12-3,34.45015761,-44.59195107,32.84015463
2019-12-4,19.73199078,-35.35054904,32.36275047
2019-12-5,25.22340151,-39.27994391,30.18211333
2019-12-6,26.13918412,-30.41484737,22.70374838
2019-12-9,6.378519058,-32.80616322,37.55315726
2019-12-10,10.65963212,-33.32546949,36.13271077
2019-12-11,25.52060508,-39.62014177,30.92770076
2019-12-12,16.67228525,-35.38706338,31.69405059
2019-12-13,21.37770793,-39.54896486,35.38896795
2019-12-16,2.004468981,-34.68929142,43.48116598
2019-12-17,36.26710764,-37.41628164,18.18556802
2019-12-18,18.12399133,-30.43823683,27.41355218
2019-12-19,27.33046803,-34.98513949,21.27993971
2019-12-20,18.67108198,-28.91756776,25.3686958
2019-12-23,6.172084186,-35.78318903,45.6993384
2019-12-24,21.50225023,-33.97487748,27.18451583
2019-12-25,6.107820662,-13.60793376,13.97789741
2019-12-26,0.890722346,-26.26866613,31.75204304
2019-12-27,-17.52186466,-27.76765609,52.70754619
2019-12-30,24.4530787,-34.38180877,22.79783052
2019-12-31,-8.105075955,-44.64035526,67.25290904
2020-1-1,-7.290147185,-8.369835615,16.8452251
2020-1-2,-22.66972931,-58.91563517,95.37496863
2020-1-3,26.84601264,-35.66709816,21.14014945
2020-1-6,-17.8077958,-37.72962284,62.9058574
2020-1-7,20.94132935,-43.39803362,38.08640478
2020-1-8,33.04834989,-35.06250146,16.80174248
2020-1-9,27.91913364,-33.62452215,20.49338135
2020-1-10,43.36904764,-32.68601632,8.144042611
2020-1-13,19.68185219,-35.8374126,30.523597
2020-1-14,75.64952871,-38.608639,-11.55531709
2020-1-15,32.5603401,-47.05895111,33.6028156
2020-1-16,34.79079532,-39.62068617,23.68732406
2020-1-17,46.86001162,-38.04388106,12.83654834
2020-1-20,26.3668063,-31.17922339,17.34169725
2020-1-21,31.77021919,-36.37379178,21.80788359
2020-1-22,40.19875881,-32.43767568,5.268659413
2020-1-23,39.49000324,-22.05818006,-5.429161742
2020-1-24,20.35855898,-21.23361751,12.19934821
2020-1-27,10.37705269,-18.06233767,15.2359942
2020-1-28,5.501509458,-20.79437408,22.65837884
2020-1-29,28.08358881,-22.04206577,4.60891293
2020-1-30,19.08901475,-21.01739705,14.84154248
2020-1-31,30.12616917,-37.28601199,22.84933759
2020-2-3,20.14732121,-22.48251104,13.82798556
2020-2-4,32.38225291,-25.56245315,5.6012128
2020-2-5,26.53757191,-23.26260659,7.007430851
2020-2-6,21.0011839,-28.62787762,19.31014822
2020-2-7,-3.389119379,-32.75303832,47.13113289
2020-2-10,59.12855421,-29.70014724,-9.80261369
2020-2-11,47.34841095,-29.64811571,-3.699528016
2020-2-12,49.02668754,-35.73674819,2.788772017
2020-2-13,27.7975545,-37.2387566,26.53525269
2020-2-14,45.07198344,-34.87402743,9.315909892
2020-2-17,34.60311376,-32.20222878,13.05572288
2020-2-18,69.13819708,-37.44361776,-11.18736456
2020-2-19,-0.338161781,-39.65583536,50.03648388
2020-2-20,22.89162763,-39.24228042,31.17271718
2020-2-21,52.20076215,-38.33446646,7.387853771
2020-2-24,42.19768491,-31.64706048,6.066833757
2020-2-25,52.0491854,-28.29678333,-6.724625617
2020-2-26,30.31609455,-28.58985889,14.09988543
2020-2-27,54.3065047,-31.67067274,-3.63584049
2020-2-28,51.73815179,-31.30406389,0.516133204
2020-3-2,34.23766419,-27.24519038,5.462923028
2020-3-3,32.59856942,-30.63378471,11.2588473
2020-3-4,35.61830637,-33.7709243,15.62338495
2020-3-5,33.6277214,-28.97176865,10.84548864
2020-3-6,28.43476347,-38.03045464,25.84000118
2020-3-9,17.38226849,-22.43433195,10.52797369
2020-3-10,65.33184643,-37.4982778,-6.211068131
2020-3-11,59.74816036,-36.25717148,-3.295013174
2020-3-12,64.92828842,-32.49711776,-13.32059151
2020-3-13,56.74170117,-33.40878531,-7.221435264
2020-3-16,49.67929754,-22.07686412,-13.41432372
2020-3-17,45.93885148,-31.102072,0.80632209
2020-3-18,54.94625833,-30.6847178,-6.486922622
2020-3-19,74.16940308,-43.42230001,-5.181375302
2020-3-20,36.36918098,-33.31334433,11.29238197
2020-3-23,29.26093354,-29.67331991,14.71032929
2020-3-24,-21.28647181,-47.04892075,77.85637006
2020-3-25,8.300495991,-31.04432866,32.3003575
2020-3-26,25.78410893,-34.24516046,22.62485124
2020-3-27,35.25738768,-35.07293895,18.62773736
2020-3-30,24.38598809,-30.48914468,21.62162393
2020-3-31,18.27679612,-34.7189149,28.83059006
2020-4-1,49.38091547,-39.16720098,9.581196204
2020-4-2,23.99166049,-33.12592405,19.41013068
2020-4-3,20.20881692,-36.83350992,32.86305515
2020-4-6,17.24085581,-22.54815087,16.84436651
2020-4-7,9.971183255,-35.74703524,39.79299313
2020-4-8,19.88254893,-36.91529897,30.20968181
2020-4-9,11.18734353,-37.30987146,38.52245417
2020-4-10,21.80769178,-37.34744462,30.33647864
2020-4-13,23.17324373,-43.21480548,37.82640295
2020-4-14,21.38062518,-35.5677436,27.64578734
2020-4-15,62.46351659,-34.17417902,-7.116070494
2020-4-16,45.44009678,-43.0662466,20.44892491
2020-4-17,25.85383387,-28.41261128,13.71381639
2020-4-20,19.34959111,-22.29507041,13.02723902
2020-4-21,56.95233849,-32.93112531,-7.137847722
2020-4-22,78.23626778,-37.42347738,-15.4337577
2020-4-23,0.554050023,-40.56836367,51.9581966
2020-4-24,2.933692425,-42.78967172,54.68090612
2020-4-27,31.07361248,-39.06992942,25.8295548
2020-4-28,54.11679803,-43.70220587,13.21599941
2020-4-29,45.05807225,-32.31569472,3.903114811
2020-4-30,8.137133827,-37.4967072,45.20003384
2020-5-1,-3.200445903,-31.48959027,44.22499245
2020-5-4,39.34395085,-28.33728942,3.698274791
2020-5-5,8.638325261,-34.23382059,37.54603947
2020-5-6,25.46296583,-32.74524024,25.41948508
2020-5-7,11.53466794,-23.37558502,20.74075643
2020-5-8,44.50048661,-30.91229659,2.296203911
2020-5-11,-14.86398894,-31.45764166,54.93477324
2020-5-12,22.4321818,-35.43314782,27.53539495
2020-5-13,22.65998176,-29.36084631,20.34256049
2020-5-14,31.51321781,-29.24979347,8.619814411
2020-5-15,11.94590902,-41.64995855,46.7066349
2020-5-18,3.092033044,-32.31879815,38.84379122
2020-5-19,0.250099167,-30.33871463,37.48820072
2020-5-20,-24.10351706,-43.06201965,76.97210571
2020-5-21,19.17393965,-29.03167528,22.49806632
2020-5-22,10.80908523,-26.36815214,27.21476994
2020-5-25,18.1046441,-23.94750774,17.55250797
2020-5-26,10.98277118,-22.18979582,20.32494526
2020-5-27,17.19384351,-22.07553014,15.99459931
2020-5-28,-1.563471206,-24.35571873,35.31662627
2020-5-29,25.92186704,-26.48582229,11.54511231
2020-6-1,23.6804992,-21.25914347,10.23738983
2020-6-2,25.31883722,-32.28200191,19.41834892
2020-6-3,21.51377198,-25.1306279,15.78953567
2020-6-4,19.38594683,-24.64251822,16.28567412
2020-6-5,12.07624857,-29.86754099,28.14698759
2020-6-8,50.59587631,-28.07676354,-4.895468161
2020-6-9,51.44843506,-24.58728969,-13.00865895
2020-6-10,11.01747585,-30.22717029,32.96491814
2020-6-11,15.58445295,-23.4852176,17.85503222
2020-6-12,26.58026889,-39.03292072,27.55554663
2020-6-15,38.15116941,-22.90303692,-2.777940094
2020-6-16,29.11717095,-30.36018983,17.07165543
2020-6-17,27.03885786,-31.46676934,16.76591203
2020-6-18,21.72564036,-27.0157682,16.49120694
2020-6-19,17.58732422,-25.66809031,17.75787973
2020-6-22,13.89776101,-26.71746293,24.05271085
2020-6-23,17.47511412,-34.46774909,30.0106516
2020-6-24,19.45272172,-30.29923016,22.40371686
2020-6-25,31.28167607,-23.38930032,4.747204527
2020-6-26,27.60183735,-25.93310991,10.9487018
2020-6-29,14.72435024,-30.67175877,27.66332598
2020-6-30,13.84212653,-25.39039552,21.51872326
2020-7-1,8.704406761,-22.76795328,22.58839521
2020-7-2,20.18871496,-26.91674402,18.94314988
2020-7-3,17.7089797,-31.37909737,26.47052694
2020-7-6,17.91215321,-29.43282771,23.0477654
2020-7-7,1.265984491,-27.44265851,34.99723825
2020-7-8,21.20068038,-18.94575271,6.571670905
2020-7-9,7.337308675,-32.96957573,36.04081734
2020-7-10,37.4552942,-25.53820795,0.774669215
2020-7-13,-5.66972108,-22.81476778,34.45528109
2020-7-14,25.10022517,-30.59657255,16.27161576
2020-7-15,11.4885383,-30.7753689,30.66835998
2020-7-16,50.1675177,-28.66432652,-4.582310557
2020-7-17,46.68162876,-30.8208051,-0.575855091
2020-7-20,27.11956735,-26.30477846,11.35771705
2020-7-21,5.028538689,-23.71563229,25.189136
2020-7-22,-7.966422204,-33.06150207,50.94315192
2020-7-23,7.056933077,-28.60626256,31.96328392
2020-7-24,30.13185222,-31.24531621,14.82676467
2020-7-27,-5.974198794,-27.04402891,39.20742807
2020-7-28,18.67689292,-28.94207713,19.71043705
2020-7-29,-9.538968645,-32.65182945,47.19987722
2020-7-30,25.69617647,-33.34192011,22.26403281
2020-7-31,39.19144968,-34.52386972,15.17543694
2020-8-3,10.22937925,-28.01288894,28.00342558
2020-8-4,27.6471406,-34.00065452,22.22373265
2020-8-5,12.43908857,-38.29122901,37.48975293
2020-8-6,14.71880206,-27.82330173,25.40492052
2020-8-7,26.55910721,-30.20920035,17.54881282
2020-8-10,1.920231231,-24.53774334,31.71701436
2020-8-11,4.232703285,-33.0841285,41.86248569
2020-8-12,47.64302669,-32.32435438,4.084808782
2020-8-13,21.0890705,-30.35873154,19.96097745
2020-8-14,16.82734049,-26.77919915,23.20552519
2020-8-17,7.741706063,-29.06879491,29.99197141
2020-8-18,15.01080472,-26.32580251,20.16074345
2020-8-19,11.87076371,-33.1652649,32.95441808
2020-8-20,48.55998425,-29.74776801,-4.173372231
2020-8-21,31.42113014,-29.94761252,13.90756997
2020-8-24,15.76780621,-30.75068209,28.62765323
2020-8-25,29.05053955,-31.31733942,15.18931258
2020-8-26,12.30824741,-26.74641091,23.06204083
2020-8-27,17.80078557,-31.72347423,26.22746119
2020-8-28,24.1564041,-29.56919932,20.68301336
2020-8-31,-2.1387727,-24.19214669,34.38464461
2020-9-1,15.8026911,-38.44011512,36.38384372
2020-9-2,21.22525106,-31.91888276,24.58436665
2020-9-3,42.71801736,-29.5787335,2.344999835
2020-9-4,48.82126697,-27.92170441,-3.711682037
2020-9-7,32.72253114,-22.96058747,2.253233429
2020-9-8,35.42609632,-22.24075037,-1.410864517
2020-9-9,29.79807378,-19.87023339,-0.196655668
2020-9-10,13.99092069,-31.27388841,29.55346712
2020-9-11,48.27533171,-26.49589393,-6.347551852
2020-9-14,38.96286462,-25.6963574,0.223538771
2020-9-15,21.54084583,-23.2655865,13.71181159
2020-9-16,21.63889365,-32.39398435,24.76027618
2020-9-17,39.86149183,-24.99893388,1.559419438
2020-9-18,-13.77350643,-27.32820013,48.09451714
2020-9-21,22.1370787,-25.65765944,15.12886931
2020-9-22,36.85731445,-29.67641696,8.16732271
2020-9-23,30.40547863,-23.12302333,5.465410948
2020-9-24,50.73460439,-36.27212515,2.489916287
2020-9-25,11.60369497,-24.76584443,24.32012931
2020-9-28,19.49091603,-29.25084817,22.76529282
2020-9-29,12.37318985,-27.99726632,23.33692696
2020-9-30,23.15388221,-22.42553216,7.678880788
2020-10-1,10.44784367,-21.81152469,19.2398828
2020-10-2,23.33672637,-15.98905391,1.416493379
2020-10-5,10.91831179,-16.06528085,11.19863681
2020-10-6,7.504015228,-20.01455164,20.73586249
2020-10-7,12.4475487,-24.79872456,21.73172723
2020-10-8,-4.038737059,-18.4072921,27.22230265
2020-10-9,-1.313042644,-24.01553595,33.22826958
2020-10-12,11.42244443,-15.66553065,10.7624047
2020-10-13,3.977540719,-29.44116357,35.03819021
2020-10-14,27.99064657,-18.53182435,-0.84062916
2020-10-15,37.11597803,-27.49751523,3.093213096
2020-10-16,4.882854566,-24.8099294,26.91743214
2020-10-19,17.12545435,-21.97162628,14.29720473
2020-10-20,16.34070902,-25.36586168,18.61504625
2020-10-21,9.537133204,-25.97544533,22.67761044
2020-10-22,22.71531182,-20.51627725,6.222778976
2020-10-23,-10.2588425,-29.77721679,47.17612661
2020-10-26,10.89310454,-23.52768552,20.67325863
2020-10-27,3.078347396,-32.02175945,39.23606491
2020-10-28,15.59043884,-31.2651799,26.09150963
2020-10-29,20.12059866,-20.82092336,12.34971485
2020-10-30,21.99354091,-18.38152617,6.750755414
2020-11-2,14.12440383,-19.74644521,14.71925388
2020-11-3,-7.900915369,-25.30555579,40.01661402
2020-11-4,5.898817796,-24.15727782,25.59936644
2020-11-5,15.09899869,-28.36335778,23.17527924
2020-11-6,30.20770125,-29.36231887,15.02229758
2020-11-9,1.221225269,-26.57378802,33.77636307
2020-11-10,17.33650486,-26.14843738,18.0645988
2020-11-11,5.137517359,-28.9963055,33.24543879
2020-11-12,44.58534223,-28.30045301,-0.441693038
2020-11-13,31.98618234,-24.29739505,6.818284303
2020-11-16,-6.298464462,-24.04911527,38.76184146
2020-11-17,17.56343295,-25.41001943,18.35935116
2020-11-18,18.13389302,-24.39196423,17.28139475
2020-11-19,21.93450706,-21.04064322,10.47882473
2020-11-20,14.64393137,-16.65359384,7.145481512
2020-11-23,8.530658573,-21.02328712,19.43066327
2020-11-24,-9.968484186,-21.75117394,40.05794266
2020-11-25,-13.2759283,-31.86344749,51.21315658
2020-11-26,38.90320688,-23.53636104,-2.120828144
2020-11-27,32.65877517,-21.41596571,2.114323005
2020-11-30,34.05520056,-20.57730573,-1.058986247
2020-12-1,30.4718357,-30.70306441,15.54522002
2020-12-2,21.09828688,-24.91931117,12.6172366
2020-12-3,2.125970347,-22.87373504,27.26128773
2020-12-4,37.92060548,-25.68384454,4.156695455
2020-12-7,13.56350351,-22.56808096,18.18388414
2020-12-8,27.06046337,-25.59644607,9.887839362
2020-12-9,5.932382789,-27.48659024,26.58584946
2020-12-10,-2.281905498,-31.66333932,45.43421006
2020-12-11,23.85299166,-26.80703944,15.03641409
2020-12-14,-9.345549703,-24.93922296,43.28172357
2020-12-15,7.223916292,-19.33607137,21.27394807
2020-12-16,6.104189664,-26.19578376,28.26039632
2020-12-17,-15.58978826,-34.93712017,54.83715626
2020-12-18,1.730492521,-29.63874099,37.86322064
2020-12-21,16.81462615,-27.82634366,20.82079755
2020-12-22,34.17128444,-26.29474077,7.259413883
2020-12-23,46.375316,-29.12048557,-1.361030743
2020-12-24,10.18139462,-22.79440337,20.95878781
2020-12-25,-1.843142277,-12.02337924,18.90658949
2020-12-28,2.837987442,-17.69260997,17.94334717
2020-12-29,5.786938922,-29.99439541,35.6779626
2020-12-30,14.95862536,-25.82358143,21.62069147
2020-12-31,5.110992439,-30.66308656,35.98245434
2021-1-1,-4.710935712,-7.732385993,14.10913414
2021-1-4,-6.09042304,-58.0420083,78.4946461
2021-1-5,-6.121039838,-59.00709826,80.99724092
2021-1-6,18.32610758,-28.97451919,22.74209772
2021-1-7,8.088390935,-27.18185207,26.47295961
2021-1-8,-10.93642616,-30.02174452,48.2332533
2021-1-11,17.40385475,-23.04592338,11.74551184
2021-1-12,6.599377565,-22.52530888,23.36531235
2021-1-13,-12.08127701,-31.91652775,50.79637645
2021-1-14,7.767900884,-25.00711703,23.64246446
2021-1-15,5.430019893,-33.90499619,39.78971824
2021-1-18,14.57397249,-25.52785301,20.48638776
2021-1-19,9.869775362,-24.09597418,19.49946513
2021-1-20,-12.21880972,-22.3193756,40.27562926
2021-1-21,0.832534513,-19.98426333,23.85777053
2021-1-22,28.29388773,-26.01481664,11.65792238
2021-1-25,6.768799577,-24.44142354,26.10988566
2021-1-26,6.174270084,-23.87217993,25.18266276
2021-1-27,41.62540165,-29.87922832,4.170836851
2021-1-28,20.07636051,-24.32466075,15.67068274
2021-1-29,28.4523313,-26.37853613,10.69186756
2021-2-1,9.796822786,-20.28748703,18.06400485
2021-2-2,48.43463719,-33.83426264,3.739101887
2021-2-3,30.56654354,-36.31688857,21.04547113
2021-2-4,17.97285044,-29.0745737,23.90576396
2021-2-5,49.53314593,-43.28342769,15.28474253
2021-2-8,38.26852156,-36.59233272,16.14734401
2021-2-9,39.63977665,-39.60806626,18.76846567
2021-2-10,20.28517707,-45.76321098,45.08006987
2021-2-11,31.96612084,-38.98184404,27.18368368
2021-2-12,11.47300262,-26.0662944,23.3337948
2021-2-15,-18.9195627,-29.76380441,55.16672195
2021-2-16,-6.075407906,-37.60588086,52.98900729
2021-2-17,30.11917803,-35.8800976,24.22212365
2021-2-18,28.91810747,-32.99824867,20.28955916
2021-2-19,35.11891639,-40.04491478,24.37060229
2021-2-22,35.38145058,-47.38681248,34.95181834
2021-2-23,-20.21498683,-42.90408191,74.96679518
2021-2-24,26.36960469,-33.0887585,18.12917
2021-2-25,17.25337161,-45.46059805,44.41576193
2021-2-26,61.24606507,-42.58080962,5.919350542
2021-3-1,-4.725421023,-58.78567737,80.87658997
2021-3-2,17.39674173,-39.77796325,40.40088927
2021-3-3,18.05196922,-45.81875533,42.51252975
2021-3-4,59.67698462,-46.0083645,10.16581151
2021-3-5,34.19186074,-53.92435279,42.42757225
2021-3-8,-6.478601161,-39.99589601,59.38610357
2021-3-9,40.05441449,-45.81301907,25.87871172
2021-3-10,19.77194381,-41.17747325,34.8500534
2021-3-11,11.21031916,-56.16433513,63.97864091
2021-3-12,13.43814134,-43.72337055,45.42473933
2021-3-15,-8.801619112,-37.08317512,55.01396811
2021-3-16,36.32652576,-44.1453529,29.93477343
2021-3-17,21.42618532,-48.00218952,45.18381504
2021-3-18,40.10970537,-42.60212851,20.09941301
2021-3-19,32.94877357,-34.08737728,16.0672213
2021-3-22,20.74284662,-38.58221915,35.16421394
2021-3-23,33.30689334,-44.09193248,29.33294966
2021-3-24,32.9212393,-37.40261218,22.69929159
2021-3-25,58.00855726,-51.45436466,20.21201278
2021-3-26,41.35990995,-49.85149467,32.61897542
2021-3-29,3.7304215,-35.58142436,43.41808487
2021-3-30,6.751510493,-42.74265242,49.30291332
2021-3-31,-1.814385634,-37.38068351,54.23244654
2021-4-1,23.74089645,-46.97244629,41.03976597
2021-4-2,-25.28478462,-34.88285694,68.31040053
2021-4-5,21.74150184,-37.7128607,27.4737117
2021-4-6,19.00749058,-33.32484481,28.14908904
2021-4-7,-7.204302054,-44.22888312,62.76943696
2021-4-8,-7.78405264,-41.78279254,61.22828776
2021-4-9,7.866626661,-38.55106804,43.74133302
2021-4-12,-23.90458605,-35.84439957,67.49426056
2021-4-13,11.15436861,-40.19956639,44.14681108
2021-4-14,-4.694235828,-31.16323492,46.36915643
2021-4-15,-8.83921963,-41.42469919,61.6146483
2021-4-16,-20.45554423,-31.23345029,56.90175515
2021-4-19,-9.052410811,-36.92517677,54.06907736
2021-4-20,18.22214185,-35.40891868,32.3504529
2021-4-21,-11.41456208,-33.08089632,53.06753394
2021-4-22,-6.626861682,-33.95295081,49.69429781
2021-4-23,-3.980644092,-22.47535172,34.55700992
2021-4-26,2.454909999,-31.80673152,42.30059111
2021-4-27,-4.010035379,-30.14852262,44.72770709
2021-4-28,-11.39894279,-32.10394141,53.9748335
2021-4-29,-25.20361738,-33.83994654,64.75360209
2021-4-30,-27.61708708,-32.5776144,66.48394004
2021-5-3,22.69318418,-30.13705841,25.94443579
2021-5-4,15.83488434,-30.95129487,26.46074852
2021-5-5,33.1637973,-37.87905371,23.1013968
2021-5-6,-5.097633421,-29.63733158,43.99845509
2021-5-7,7.536210647,-35.44622797,37.94668677
2021-5-10,-6.981053997,-28.79665565,43.35242406
2021-5-11,27.36753456,-34.0500271,24.92298031
2021-5-12,19.14667391,-38.2484116,37.60083681
2021-5-13,50.68515864,-44.45606035,14.54729474
2021-5-14,17.78867221,-31.50431046,27.91490574
2021-5-17,20.22136799,-30.45955837,24.05822855
2021-5-18,0.619919077,-30.30312511,40.38111192
2021-5-19,49.36334294,-27.48152435,-5.715650238
2021-5-20,53.60468081,-38.23214418,2.629971355
2021-5-21,3.780254662,-29.19597608,33.7285469
2021-5-24,-8.123696491,-31.06413746,47.02947827
2021-5-25,-3.7118838,-38.08296169,54.93419701
2021-5-26,3.705395539,-35.74102768,41.3875069
2021-5-27,40.92749787,-36.16450968,16.19861464
2021-5-28,8.204276834,-40.60956195,45.22168061
2021-5-31,-18.3451995,-22.86155537,49.35734349
2021-6-1,-25.41585949,-35.98185703,68.68714343
2021-6-2,4.677042339,-35.38753596,45.53530292
2021-6-3,-13.37671407,-33.78733969,55.10121451
2021-6-4,26.29164842,-35.78644267,26.99238482
2021-6-7,5.086970806,-26.47543618,30.72039258
2021-6-8,17.18283042,-33.28726971,28.67594975
2021-6-9,-9.955221452,-46.65341562,68.50152046
2021-6-10,-2.254584547,-29.37412488,41.91606604
2021-6-11,-18.63159427,-32.81794718,59.56650184
2021-6-14,19.76124728,-29.2862989,21.31575215
2021-6-15,39.64059934,-33.11936489,9.902521253
2021-6-16,15.47422531,-33.11552501,29.43755861
2021-6-17,-3.8295213,-30.97962183,46.62152693
2021-6-18,37.13499795,-25.48961785,4.290264249
2021-6-21,16.12444891,-26.90850544,23.65108481
2021-6-22,-5.011827601,-32.36235183,47.7091883
2021-6-23,21.01928614,-33.85898462,28.54098734
2021-6-24,14.65351403,-35.77735421,37.52604328
2021-6-25,-10.027307,-31.82133293,51.21335195
2021-6-28,5.719756376,-32.25275931,40.79143724
2021-6-29,23.76592456,-28.27070236,18.04842842
2021-6-30,10.90707672,-41.63751301,46.39072292
2021-7-1,11.9156189,-36.03234464,35.18886875
2021-7-2,-3.468091458,-31.47717553,43.76892321
2021-7-5,11.5709298,-33.32074949,36.30990241
2021-7-6,9.270011626,-26.7879121,29.76540159
2021-7-7,3.466326915,-32.28456813,41.33337998
2021-7-8,23.9725146,-31.80745055,20.5529497
2021-7-9,-9.001834404,-27.93897122,46.27350225
2021-7-12,-4.376920236,-23.1405043,32.94506082
2021-7-13,-4.185831416,-25.34841764,39.12669232
2021-7-14,9.398108661,-35.65476888,37.14787532
2021-7-15,-0.669398561,-27.74846563,37.87393004
2021-7-16,13.47664102,-26.28495437,23.05134085
2021-7-19,30.79313885,-28.7409693,11.50294733
2021-7-20,25.58869179,-32.52202451,18.92040108
2021-7-21,-1.119015753,-28.22932291,36.88402657
2021-7-22,5.631190395,-28.53079528,33.98949073
2021-7-23,-26.43412554,-29.93670288,64.041014
2021-7-26,-13.02943341,-29.39861739,51.87686536
2021-7-27,33.9505083,-31.57250574,11.74065946
2021-7-28,13.88458216,-35.61562657,35.5108927
2021-7-29,19.70829454,-24.75389189,17.9927417
2021-7-30,-14.79210617,-35.03609532,58.2655929
2021-8-2,36.55648818,-28.79971583,9.617074773
2021-8-3,10.39406065,-31.19731298,34.60254291
2021-8-4,7.084957413,-25.65827429,31.12560967
2021-8-5,8.97776301,-25.70174962,28.1402458
2021-8-6,-16.34638482,-27.47966096,51.97483571
2021-8-9,28.69093293,-22.33221322,6.88103652
2021-8-10,26.85136427,-27.02804816,12.39747409
2021-8-11,-21.64435555,-32.39601576,64.71733487
2021-8-12,-23.22842082,-38.20222652,72.71603637
2021-8-13,5.025223836,-32.6497705,39.60865514
2021-8-16,33.5346867,-27.71363398,8.529943049
2021-8-17,13.58485168,-36.21507552,38.28436374
2021-8-18,7.111979591,-31.42913973,35.09959354
2021-8-19,12.78915864,-28.62794676,27.85055326
2021-8-20,8.334357738,-28.22647393,32.12965783
2021-8-23,15.10497202,-24.68029088,20.07925549
2021-8-24,-5.418350641,-24.96085194,36.06028447
2021-8-25,-0.820967287,-21.8818495,28.55786636
2021-8-26,7.201689601,-25.45426071,29.39797424
2021-8-27,-18.26829414,-28.47703701,54.19688995
2021-8-30,-19.50850472,-26.7433044,52.82164593
2021-8-31,-18.77927117,-31.24911055,57.28654471
2021-9-1,11.26300338,-32.51541749,33.28556728
2021-9-2,-8.606986657,-34.68257284,57.28838273
2021-9-3,1.839130908,-37.03737718,48.2412065
2021-9-6,-7.412804117,-26.82190803,43.57036704
2021-9-7,7.930485532,-37.20514619,41.64999011
2021-9-8,15.73440976,-33.80598903,34.19425666
2021-9-9,8.25027648,-33.22726324,38.6229149
2021-9-10,15.13969477,-29.35200861,25.2696697
2021-9-13,24.32403854,-23.50708097,12.07251892
2021-9-14,-9.976353981,-35.52538487,56.72572587
2021-9-15,2.37524638,-28.93715134,37.57837935
2021-9-16,26.20785828,-31.08334374,20.91265819
2021-9-17,-2.144373745,-29.14100724,41.37250632
2021-9-20,28.0299926,-24.83520085,7.596115515
2021-9-21,31.4095393,-20.15856269,0.498225875
2021-9-22,-0.874368519,-32.21698797,42.19458513
2021-9-23,15.0667408,-25.33212534,19.5187524
2021-9-24,6.83936711,-25.24990338,26.85183835
2021-9-27,-5.315149635,-23.80304839,39.11870267
2021-9-28,6.865171997,-32.1914036,36.44811818
2021-9-29,21.54517168,-33.29564962,23.98662922
2021-9-30,19.94881423,-33.48543248,28.83847778
2021-10-1,18.48337649,-19.09473321,10.15395646
2021-10-4,14.12024014,-13.76263997,6.142043903
2021-10-5,3.83306847,-18.87816837,21.94017412
2021-10-6,12.66968767,-25.65653175,18.85065733
2021-10-7,18.97372542,-20.85588065,9.928823426
2021-10-8,7.420458324,-26.31227559,28.19260347
2021-10-11,12.63521047,-27.56026757,27.55978696
2021-10-12,19.43343038,-32.99767098,27.08325136
2021-10-13,1.993278746,-37.57821679,44.57808232
2021-10-14,19.18070885,-28.85119601,22.71776836
2021-10-15,2.97203964,-25.07243741,31.19481132
2021-10-18,5.28332296,-27.80006731,32.68818218
2021-10-19,14.28869482,-23.51809242,19.77993186
2021-10-20,32.82813739,-30.74636859,10.70970732
2021-10-21,19.10996021,-25.73291022,19.91232491
2021-10-22,27.41618717,-26.36764598,11.3945296
2021-10-25,2.498954702,-26.93971992,31.51992338
2021-10-26,-1.009946927,-31.9128328,41.17643707
2021-10-27,10.99171653,-33.44992435,34.22172903
2021-10-28,-1.710340673,-27.99068868,40.92787657
2021-10-29,0.171556013,-23.39983222,31.42894645
2021-11-1,14.27630141,-25.84144917,21.72566402
2021-11-2,-11.3699595,-27.21651268,43.39275374
2021-11-3,10.70735462,-29.9394148,29.80563089
2021-11-4,26.96440515,-21.56885511,4.511946619
2021-11-5,-19.19777113,-24.78333393,51.14465159
2021-11-8,-9.37331834,-13.30326346,25.00062615
2021-11-9,-3.071008997,-25.44886336,37.42664458
2021-11-10,10.03708715,-27.73044682,27.30015227
2021-11-11,2.699546486,-35.83720562,45.50691737
2021-11-12,-20.62718488,-27.27610445,52.66047348
2021-11-15,18.16512919,-28.96960497,21.61006458
2021-11-16,22.18260521,-29.59890729,21.28600264
2021-11-17,-5.273550106,-29.7989535,45.60924648
2021-11-18,9.58570805,-28.43251783,28.65667859
2021-11-19,19.56175405,-36.97672588,32.59939261
2021-11-22,20.91021186,-26.26835677,17.69549884
2021-11-23,15.61486669,-24.99498561,18.82623649
2021-11-24,20.54374696,-24.99273895,15.76842735
2021-11-25,13.78796789,-21.0660903,19.47684167
2021-11-26,9.199787036,-28.4946464,29.74286845
2021-11-29,44.2891739,-23.60486886,-6.044550687
2021-11-30,30.63956266,-19.45336485,-0.173408374
2021-12-1,49.33407672,-26.55285263,-6.389568567
2021-12-2,18.96312043,-28.33747351,22.2592295
2021-12-3,23.12930095,-14.72252354,0.757332236
2021-12-6,0.337618142,-17.47459111,23.01518686
2021-12-7,1.583381172,-24.27935115,32.16800891
2021-12-8,19.19420074,-17.77905416,11.94318339
2021-12-9,-6.30227682,-25.32026353,38.91770165
2021-12-10,18.13537381,-24.58152536,18.38124877
2021-12-13,-2.555142552,-18.43351188,29.55973803
2021-12-14,12.39781515,-26.92104334,27.65251812
2021-12-15,16.4762315,-24.83635163,19.64711428
2021-12-16,21.61888925,-31.69964048,22.71769247
2021-12-17,5.973532096,-20.88576508,21.45200664
2021-12-20,10.94982611,-16.79112181,13.37766887
2021-12-21,38.88835747,-23.82756713,-1.562802434
2021-12-22,-9.524427015,-27.06260934,44.93329683
2021-12-23,-12.04799795,-25.67647198,45.95403033
2021-12-24,-13.69572765,-13.44636601,31.78573664
2021-12-27,5.391963143,-27.0472877,33.8218025
2021-12-28,26.48592827,-24.02890283,10.35656221
2021-12-29,16.44332792,-23.60414901,19.03313594
2021-12-30,2.629604042,-26.63545647,34.06358479
2021-12-31,2.802212954,-19.87028563,22.02947748
2022-1-3,-8.300363511,-11.16040066,22.2693768
2022-1-4,8.437022906,-19.63983637,21.5414661
2022-1-5,-2.736305043,-25.90968549,38.80925551
2022-1-6,18.68031774,-25.36465031,16.58664557
2022-1-7,24.43119997,-26.59631768,14.1131939
2022-1-10,-0.448110435,-22.93941423,29.79425827
2022-1-11,19.19463483,-18.04926866,9.72784102
2022-1-12,-2.559246898,-23.69168916,34.51097319
2022-1-13,2.02254352,-21.36594099,26.76469833
2022-1-14,24.40029991,-29.0536451,18.83925624
2022-1-17,-13.98855627,-15.75359985,35.17106085
2022-1-18,-1.036171618,-28.80211549,39.90026061
2022-1-19,-0.991691012,-20.48288321,27.51638398
2022-1-20,11.91174371,-28.77356687,29.03765565
2022-1-21,27.15042168,-26.10781756,11.49171174
2022-1-24,13.67575124,-23.64390257,18.89370776
2022-1-25,0.508775787,-25.64543989,30.60917785
2022-1-26,-2.23365224,-25.75351,34.08074491
2022-1-27,17.41696179,-23.22929007,16.66217205
2022-1-28,-9.619629731,-23.40717497,38.32494494
2022-1-31,-15.57850921,-14.09235904,31.23529612
2022-2-1,-0.170678794,-1.553339899,2.130833477
2022-2-2,-0.150656044,-3.677502573,5.09240932
2022-2-3,8.184449241,-6.873153925,1.903510243
2022-2-4,17.93662216,-17.93456885,11.51066245
2022-2-7,10.69766903,-15.59570917,11.39809608
2022-2-8,2.834655426,-16.04304785,18.0432086
2022-2-9,14.13801272,-15.89590457,8.517267518
2022-2-10,9.51335834,-23.43631831,24.47647423
2022-2-11,19.47002939,-23.60344538,14.95231235
2022-2-14,-8.611515205,-24.30796251,40.80823757
2022-2-15,4.310501008,-25.13450462,29.62602419
2022-2-16,18.06956962,-20.06748268,11.92365307
2022-2-17,10.94436637,-17.33836442,14.91904701
2022-2-18,0.329303339,-18.82377496,25.70662159
2022-2-21,6.077378903,-16.81166735,16.29122333
2022-2-22,6.692045821,-16.43227112,14.96561037
2022-2-23,6.932916276,-22.11115035,23.61687563
2022-2-24,21.76236604,-21.43419135,11.57057928
2022-2-25,-14.51942743,-25.51676139,46.18005078
2022-2-28,17.73107432,-22.4683468,16.48833203
2022-3-1,11.34345423,-18.04515362,15.87826139
2022-3-2,10.52352894,-22.48768237,21.58566973
2022-3-3,6.974521969,-22.08581334,23.25283699
2022-3-4,-1.567691844,-18.86872399,29.46111749
2022-3-7,14.49628666,-14.74034712,5.14451699
2022-3-8,19.08089855,-20.14896578,11.45462836
2022-3-9,-1.306344762,-25.38740405,32.33525258
2022-3-10,24.31711689,-28.76457915,16.61676966
2022-3-11,10.34276163,-17.77287054,17.23780344
2022-3-14,17.6187149,-17.756641,7.720246643
2022-3-15,15.68164505,-24.45575953,20.66058551
2022-3-16,-0.358698493,-22.05623177,28.59880961
2022-3-17,18.98826788,-23.8658317,13.54292662
2022-3-18,-5.39669767,-30.51459739,43.90062363
2022-3-21,-7.329105282,-18.34688628,30.57152329
2022-3-22,-1.749779096,-23.38473213,32.44472559
2022-3-23,16.63304245,-24.63877806,17.98885266
2022-3-24,21.18420565,-23.07121009,12.90507019
2022-3-25,-8.823258309,-28.79996532,46.10788149
2022-3-28,4.379237669,-25.29085994,30.4387958
2022-3-29,23.4518366,-24.85309124,13.02983105
2022-3-30,20.35748525,-25.13613999,17.02054529
2022-3-31,14.70123821,-24.13126567,20.79800323
2022-4-1,6.103192817,-32.0179818,36.91185194
2022-4-4,4.645025086,-9.7292642,9.408070832
2022-4-5,3.328799007,-8.487357706,9.208176121
2022-4-6,8.105752937,-21.59390181,21.62800297
2022-4-7,18.19718205,-20.65987474,11.96203527
2022-4-8,2.210217625,-23.6753498,28.51110561
2022-4-11,6.069775917,-18.79403737,18.21476539
2022-4-12,-5.183810696,-27.47572649,41.1510554
2022-4-13,-1.103176907,-27.52176857,36.25303455
2022-4-14,8.221115068,-30.18193123,35.89972354
2022-4-15,2.044473924,-28.99645907,37.23505938
2022-4-18,2.575601982,-21.01359531,25.76472273
2022-4-19,14.84071141,-28.15068075,24.18343389
2022-4-20,29.98533639,-27.55448017,11.922663
2022-4-21,-3.440660708,-31.27072185,45.82634285
2022-4-22,-17.90082636,-34.66868532,61.87702478
2022-4-25,24.49493618,-24.94407472,11.08683679
2022-4-26,25.44110208,-29.65516677,15.73667815
2022-4-27,-9.650395788,-28.29220459,45.52144434
2022-4-28,13.73469153,-30.19302011,27.76355178
2022-4-29,6.589313939,-31.37805521,36.0983943
2022-5-2,30.90751818,-13.17781305,-10.11941543
2022-5-3,5.643799603,-17.48770195,16.64267395
2022-5-4,12.74208197,-21.37452418,18.93215299
2022-5-5,28.71823177,-31.41873071,15.61760626
2022-5-6,19.07355905,-33.0826104,28.06563261
2022-5-9,7.741338223,-33.74902251,37.66523051
2022-5-10,19.07078962,-26.41769877,19.26848805
2022-5-11,18.38502949,-27.65090263,21.18143435
2022-5-12,33.61644036,-34.67288914,17.02460562
2022-5-13,-4.439329011,-28.57668075,39.96454471
2022-5-16,41.55399743,-32.92076054,7.160289437
2022-5-17,22.31544236,-29.41783318,21.08367658
2022-5-18,7.089781567,-26.41300476,27.4689844
2022-5-19,25.72288537,-23.08864138,6.574548632
2022-5-20,8.884233665,-35.01732358,41.72365491
2022-5-23,13.29240897,-30.21086761,27.94793631
2022-5-24,9.299753934,-29.10425988,30.52122422
2022-5-25,17.66621266,-30.28169927,26.93770072
2022-5-26,18.24491052,-30.5914447,27.04865171
2022-5-27,-15.00206412,-31.77325305,54.38684382
2022-5-30,-8.288856246,-27.59448799,45.89530899
2022-5-31,-8.718452409,-27.52094185,43.13626808
2022-6-1,-0.758343047,-32.24051255,38.92118824
2022-6-2,30.55670717,-36.74949345,25.13907218
2022-6-3,7.383521955,-20.1803681,21.55745195
2022-6-6,-16.63778455,-25.612973,47.71048132
2022-6-7,-2.072251696,-22.3470995,31.2683788
2022-6-8,11.44205074,-35.26324645,36.88107923
2022-6-9,21.67549364,-28.70498234,18.57612001
2022-6-10,-15.76304495,-35.7357575,62.00238739
2022-6-13,0.532088693,-21.90832299,27.16018671
2022-6-14,21.06632907,-34.39592192,25.28860214
2022-6-15,25.3423116,-34.66619241,23.43025307
2022-6-16,47.69513157,-34.81046551,0.923086777
2022-6-17,13.57520855,-33.58989921,31.65925343
2022-6-20,3.510642946,-28.01246223,32.32538837
2022-6-21,31.26448454,-20.75707644,0.022005886
2022-6-22,24.98353045,-28.28544268,14.50809367
2022-6-23,32.07813221,-24.85839592,4.771652862
2022-6-24,34.45585759,-29.40971828,15.00864899
2022-6-27,32.24305417,-25.29110324,7.253928006
2022-6-28,24.67870748,-25.60791135,13.40276195
2022-6-29,28.58153763,-29.42794655,14.16949614
2022-6-30,29.62501179,-35.09783518,20.52767269
2022-7-1,2.631708287,-26.73863363,33.31607358
2022-7-4,24.08120893,-23.76401013,15.97300863
2022-7-5,21.35031543,-21.59042585,12.7795964
2022-7-6,39.88609487,-30.74478447,9.904401794
2022-7-7,21.67202101,-26.83109036,16.86374746
2022-7-8,-12.69596505,-35.3967115,61.01182026
2022-7-11,19.9166131,-23.03920612,15.59269365
2022-7-12,15.39626534,-22.8602941,19.68893974
2022-7-13,30.15210971,-28.06252134,12.61971569
2022-7-14,15.65407161,-30.35977426,25.16315776
2022-7-15,11.06259134,-37.93597209,41.12374184
2022-7-18,19.01518388,-29.05477178,21.2543233
2022-7-19,9.668202398,-35.72652036,39.69470875
2022-7-20,28.94188216,-23.53407264,6.213886537
2022-7-21,41.31819121,-22.99067366,-4.103323311
2022-7-22,8.940963285,-20.7115888,21.20656541
2022-7-25,8.409310656,-27.19704759,30.64047491
2022-7-26,29.31987882,-31.31234039,21.4220451
2022-7-27,17.92176009,-22.16457418,13.16245818
2022-7-28,4.983037762,-23.86849441,25.36004739
2022-7-29,13.66864984,-25.08419876,22.88781452
2022-8-1,0.491984501,-27.90738505,35.92434698
2022-8-2,8.309982466,-18.13698232,18.36452488
2022-8-3,33.43590415,-27.45755678,6.974774987
2022-8-4,48.34350872,-33.16341695,3.863510847
2022-8-5,25.43736429,-23.82899608,12.15470485
2022-8-8,-4.504517518,-20.04879557,31.31192146
2022-8-9,15.15301248,-23.85938734,20.6953946
2022-8-10,4.998378155,-33.05169502,39.65777834
2022-8-11,10.06780614,-24.40282464,22.96448387
2022-8-12,-3.73189795,-29.1725671,42.93177414
2022-8-15,11.6249411,-24.14394954,22.84647362
2022-8-16,26.85176941,-26.5519138,13.22220191
2022-8-17,25.58560968,-28.66801131,17.18943562
2022-8-18,17.05042665,-18.21558005,12.14316182
2022-8-19,15.18335669,-24.01516625,20.44498062
2022-8-22,17.73532487,-20.99067342,13.21027261
2022-8-23,39.18717758,-30.55143777,8.28561084
2022-8-24,24.73688205,-32.96688271,23.4691866
2022-8-25,34.77053382,-27.78597128,10.13369685
2022-8-26,2.837916279,-18.39290863,23.39480111
2022-8-29,48.77716944,-30.93350726,-1.843497783
2022-8-30,15.51970692,-27.66960236,24.94889478
2022-8-31,7.976285148,-28.47986129,29.63246308
2022-9-1,17.46608442,-28.21775776,21.31381015
2022-9-2,28.49641353,-31.9767513,19.50186095
2022-9-5,14.58688188,-22.17980915,16.89028844
2022-9-6,27.70894324,-30.47015557,21.4246452
2022-9-7,28.35995673,-27.18858317,15.50640124
2022-9-8,36.33939908,-35.65960026,18.61246988
2022-9-9,11.07583152,-25.56971377,24.04756284
2022-9-12,10.13439742,-13.69329035,11.29168242
2022-9-13,20.61727913,-33.4132219,28.16852885
2022-9-14,12.8087907,-23.87763077,20.81425291
2022-9-15,34.62951851,-24.8323288,3.793171667
2022-9-16,22.1267176,-30.42282763,24.08052516
2022-9-19,44.51319664,-30.27220125,-2.452538066
2022-9-20,13.68120155,-8.598693818,-2.533893764
2022-9-21,13.09779349,-13.30224618,4.370096818
2022-9-22,4.950521976,-9.529952019,6.20909369
2022-9-23,-0.973423209,-10.12303448,12.44162205
2022-9-26,13.69369209,-10.46604031,1.535604507
2022-9-27,12.91017108,-8.733942479,-2.404796749
2022-9-28,15.10861799,-9.700934798,-1.561911732
2022-9-29,6.875901699,-6.087080419,1.728351071
2022-9-30,3.23493119,-5.852752566,2.779776931
2022-10-3,5.499185354,-5.096000999,1.594731003
2022-10-4,2.797543228,-5.269725114,3.525241017
2022-10-5,3.262984395,-2.81907925,0.616867691
2022-10-6,7.484103635,-6.434399188,1.97990936
2022-10-7,1.368606925,-9.63967663,10.64876032
2022-10-10,-3.169720573,-4.502410203,8.492770843
2022-10-11,12.12509447,-10.9869628,2.460627645
2022-10-12,6.847573817,-11.23873585,7.716797501
2022-10-13,8.798387945,-7.465216458,-0.088780008
2022-10-14,4.908756929,-6.343799949,4.164480925
2022-10-17,16.58789409,-13.8281053,3.100903213
2022-10-18,9.904381657,-10.68753922,3.534800693
2022-10-19,8.856277198,-6.156362951,-1.195894822
2022-10-20,10.64505249,-6.955558926,-2.313687965
2022-10-21,9.314967394,-7.705427319,1.334029689
2022-10-24,14.54000664,-9.261326671,-2.334041506
2022-10-25,21.48080613,-10.09319484,-6.739388525
2022-10-26,11.51068458,-8.710069031,0.548357815
2022-10-27,12.20799944,-8.926024765,-0.549545243
2022-10-28,10.12739796,-9.074784368,1.75760074
2022-10-31,7.490866467,-11.73118097,7.881930351
2022-11-1,3.923573948,-6.085656345,4.273045987
2022-11-2,12.21662338,-11.28623831,2.886483945
2022-11-3,6.959452614,-9.067118108,3.255991876
2022-11-4,6.243194997,-7.375905901,4.237847954
2022-11-7,0.219558397,-4.384740591,4.263919085
2022-11-8,8.074800611,-9.016408533,4.48992978
2022-11-9,5.581773639,-8.837159649,7.610198915
2022-11-10,0.314608464,-4.503862798,5.679204926
2022-11-11,-6.991470754,-5.806592971,13.28012808
2022-11-14,8.958699882,-9.489167958,2.479958907
2022-11-15,-0.46225293,-8.347961754,12.53352407
2022-11-16,5.954212621,-4.937717587,2.4855434
2022-11-17,1.680634648,-8.584217638,9.7180994
2022-11-18,6.236687183,-9.466339052,5.180598259
2022-11-21,11.84309769,-9.554547787,2.733260959
2022-11-22,5.211368494,-7.844063312,4.624432996
2022-11-23,9.409001879,-10.08389476,3.281050563
2022-11-24,0.907188684,-6.706912965,7.470775485
2022-11-25,6.147850543,-8.660129011,4.959277079
2022-11-28,-0.223163977,-7.817163944,10.13633484
2022-11-29,-1.567903459,-6.596102059,10.2531682
2022-11-30,2.052210314,-8.470974788,9.950163513
2022-12-1,6.775833189,-11.27883711,9.14260757
2022-12-2,-0.964225352,-10.23372588,14.6588501
2022-12-5,-2.982042879,-4.655930489,8.290676862
2022-12-6,12.50353679,-8.604193121,-0.766332492
2022-12-7,17.89783084,-13.02836418,-0.786139503
2022-12-8,7.562729359,-7.403257608,3.331007048
2022-12-9,2.599675,-6.655972481,6.672515601
2022-12-12,6.536683228,-6.796055019,3.552125037
2022-12-13,1.446871027,-4.11668539,5.194785118
2022-12-14,3.218978912,-7.049502492,5.81456317
2022-12-15,11.92016977,-10.49192044,2.537145205
2022-12-16,14.31448492,-8.168230772,-1.604037136
2022-12-19,-3.235521875,-3.245460004,7.370953381
2022-12-20,-1.003387434,-4.926245004,6.048817798
2022-12-21,-0.92752534,-8.715082377,9.66420038
2022-12-22,-3.847657964,-6.867611438,13.12492821
2022-12-23,-0.365568936,-8.22073406,10.16219163
2022-12-26,1.685403943,-6.622072279,6.837351918
2022-12-27,5.104113877,-7.03390339,4.888380915
2022-12-28,0.510704115,-5.18459481,5.205277532
2022-12-29,-5.459485661,-7.147135377,13.95672831
2022-12-30,6.490072042,-4.867053032,-0.114812866
2023-1-2,-2.514108419,-1.561346292,3.826938629
2023-1-3,-6.56742987,-5.778297365,11.79404095
2023-1-4,4.844185323,-9.889729977,6.481418893
2023-1-5,2.386295497,-4.661352307,2.065304399
2023-1-6,4.666293755,-7.547082275,4.097132087
2023-1-9,3.337810051,-7.242852688,5.234912783
2023-1-10,7.726549089,-7.095285267,2.194484651
2023-1-11,10.07413858,-10.57947999,3.416874796
2023-1-12,1.796204954,-5.988072067,5.941726565
2023-1-13,-6.805492342,-8.763498649,16.36676385
2023-1-16,3.284636557,-7.988203555,6.843042582
2023-1-17,4.136438195,-6.923322916,5.229254961
2023-1-18,0.122063279,-8.463891774,10.49408108
2023-1-19,6.473934412,-5.534361392,-0.038811699
2023-1-20,0.855900735,-6.900003642,7.943795919
2023-1-23,7.705256581,-6.021199673,0.52025789
2023-1-24,6.892023563,-6.393549621,1.418748409
2023-1-25,4.688880593,-5.073198169,0.436647326
2023-1-26,5.149378568,-4.905116409,0.531938329
2023-1-27,3.74776566,-6.671392828,4.299898781
2023-1-30,6.468660891,-7.5516074,2.537344635
2023-1-31,6.630676895,-5.158630103,-0.317588001
2023-2-1,16.70737547,-8.618011326,-5.479811624
2023-2-2,2.690388307,-6.23554644,5.816505939
2023-2-3,4.016950743,-6.267482296,2.879759818
2023-2-6,3.778243393,-6.694939911,4.649385959
2023-2-7,2.896707498,-4.423128277,2.679356247
2023-2-8,7.624565005,-6.638812304,-0.040295944
2023-2-9,2.312020972,-7.022433072,5.538252085
2023-2-10,5.600795373,-7.648987204,4.529234022
2023-2-13,7.130642626,-9.186657012,4.61172165
2023-2-14,10.58061148,-8.084774643,0.321983933
2023-2-15,6.298926339,-6.434787244,2.506768882
2023-2-16,10.6260725,-7.985682905,-1.109340206
2023-2-17,10.28219184,-7.947672129,0.668059036
2023-2-20,-1.281517059,-6.473104,8.781571724
2023-2-21,5.193413049,-6.524471328,4.184977397
2023-2-22,-0.706853345,-4.718207926,5.41020979
2023-2-23,0.525627106,-4.301851481,3.209375545
2023-2-24,0.962651074,-7.308801636,7.884835109
2023-2-27,2.829178572,-7.618914783,5.129714325
2023-2-28,5.326664887,-7.656008571,3.960279115
2023-3-1,9.466018528,-8.616270125,2.677300841
2023-3-2,8.893258333,-4.895734251,-2.196704715
2023-3-3,7.425178796,-5.561553627,-0.982662261
2023-3-6,11.24037927,-8.400812328,-0.193638951
2023-3-7,12.01390865,-8.551643491,-0.341241717
2023-3-8,12.10614368,-7.625259042,-3.183203757
2023-3-9,12.68088779,-8.878031164,0.280629754
2023-3-10,7.058007749,-7.220833898,3.279955015
2023-3-13,8.302866518,-8.789018214,3.169998467
2023-3-14,12.95181879,-8.309986353,-1.340515345
2023-3-15,14.94988379,-9.1506055,-0.950422078
2023-3-16,5.934728876,-6.054760784,1.492645033
2023-3-17,5.5040254,-7.447248936,3.377263218
2023-3-20,3.464133769,-5.560900718,3.442108713
2023-3-21,8.934314579,-5.894651234,-2.171433404
2023-3-22,19.32802016,-9.469826758,-5.506666914
2023-3-23,7.855212331,-5.876118571,-0.884850353
2023-3-24,12.66058522,-6.781100512,-2.96261321
2023-3-27,11.23319357,-9.068573266,0.49472101
2023-3-28,6.165171012,-5.372756928,1.035711661
2023-3-29,9.4396566,-9.828017205,2.84332604
2023-3-30,6.468587905,-7.364165783,4.009726793
2023-3-31,-0.524585485,-7.668264657,10.92587075
2023-4-3,13.06110275,-9.392997175,-0.693287596
2023-4-4,9.196101815,-6.06429103,-1.669560939
2023-4-5,-2.602087257,-5.815016329,8.376834333
2023-4-6,6.279845352,-6.074173123,1.361193627
2023-4-7,5.507753372,-7.686832964,6.28723605
2023-4-10,10.55392841,-7.845970184,0.519418836
2023-4-11,-0.364974499,-9.407641649,12.05487216
2023-4-12,8.363936156,-9.570781916,3.544570148
2023-4-13,-3.063396901,-8.797468901,11.63465604
2023-4-14,-2.324924946,-9.024139345,12.97958823
2023-4-17,4.572296962,-10.00232708,6.479859255
2023-4-18,-0.753457949,-6.712834388,7.705487818
2023-4-19,5.775020875,-6.899384916,2.439849257
2023-4-20,11.47702158,-7.794165969,-1.251473844
2023-4-21,0.534650259,-8.738212168,9.929432169
2023-4-24,0.28184399,-8.219462663,9.426482245
2023-4-25,10.23438168,-6.058324009,-1.938851416
2023-4-26,4.22585839,-5.662619352,2.177477226
2023-4-27,0.450622665,-4.948678017,5.686255246
2023-4-28,-8.60354067,-5.664768755,14.95300312
2023-5-1,-0.40656358,-6.183872253,6.948123544
2023-5-2,17.07154855,-8.761744648,-4.391326934
2023-5-3,17.56085598,-9.242188096,-3.897588968
2023-5-4,13.04150948,-11.61881888,1.892082483
2023-5-5,-1.877862886,-9.529446959,14.25509974
2023-5-8,3.376805663,-8.676884294,8.071016073
2023-5-9,12.00197837,-8.551141828,0.003029704
2023-5-10,3.223609611,-7.244527429,6.228608012
2023-5-11,4.790122211,-5.907796383,3.801398754
2023-5-12,-1.683441367,-9.475517452,12.54725711
2023-5-15,9.327825308,-8.767374098,1.304726124
2023-5-16,23.08010966,-11.30796453,-6.375089154
2023-5-17,15.41595365,-9.306214213,-3.432454765
2023-5-18,5.661128577,-8.181452304,3.084866077
2023-5-19,4.716334935,-8.474375755,5.656998269
2023-5-22,9.073816376,-9.468100876,2.054408103
2023-5-23,4.928567681,-5.404472023,0.159945786
2023-5-24,8.979379054,-6.413425386,-1.099023253
2023-5-25,8.167434515,-8.356899649,1.781624824
2023-5-26,10.58715337,-10.00762808,0.855345339
2023-5-29,3.434544891,-11.59847495,10.02627861
2023-5-30,6.59742412,-8.310552388,2.769489229
2023-5-31,9.044414565,-9.859785616,0.687975958
2023-6-1,8.523094267,-6.320260018,-1.794652268
2023-6-2,2.278971478,-8.927351922,9.792487651
2023-6-5,0.742825627,-7.152082831,6.868216753
2023-6-6,-1.142816402,-8.27531147,10.40498921
2023-6-7,10.60944707,-8.808952779,1.435129166
2023-6-8,1.422610454,-7.531772286,6.382920504
2023-6-9,12.59641191,-7.30025503,-2.581835479
2023-6-12,2.270691637,-6.824856222,5.42053391
2023-6-13,8.512626441,-6.361033648,-0.165475339
2023-6-14,3.283432513,-6.513029814,4.398041375
2023-6-15,5.661102656,-8.700405717,5.170809388
2023-6-16,1.009154193,-6.973069876,9.379291922
2023-6-19,6.694715559,-10.72845599,6.751187205
2023-6-20,2.001418188,-6.552148134,6.030127272
2023-6-21,11.50689754,-9.238661438,-0.357303262
2023-6-22,2.801313993,-4.776344746,4.342259467
2023-6-23,14.74020517,-8.050112277,-3.789464906
2023-6-26,4.858727247,-6.580400109,3.554377228
2023-6-27,8.867291629,-9.590635866,3.402287036
2023-6-28,3.888806865,-9.110756576,6.739614636
2023-6-29,10.14369518,-9.64870736,2.056055844
2023-6-30,-3.219287612,-6.545649946,9.795388862
2023-7-3,7.647091568,-11.30672202,6.447287947
2023-7-4,14.58325829,-10.89051598,2.139484808
2023-7-5,0.582371594,-5.570038021,4.220173776
2023-7-6,-0.041350268,-7.577439547,7.850883275
2023-7-7,12.29104891,-9.269241154,0.091360159
2023-7-10,13.91949779,-11.537,1.455193043
2023-7-11,4.486409634,-7.778893352,4.396132037
2023-7-12,10.36942425,-9.605741411,2.300377399
2023-7-13,-0.554781333,-8.480978161,11.20189336
2023-7-14,-0.160157842,-9.329428181,11.42158532
2023-7-17,7.728419006,-9.970475495,5.066624016
2023-7-18,3.290178077,-8.295404464,7.613550186
2023-7-19,5.731148127,-10.01418191,5.770190433
2023-7-20,4.718949161,-6.642141551,3.274009854
2023-7-21,5.314648271,-9.54081513,7.558982164
2023-7-24,16.87719917,-10.86152408,-1.237515956
2023-7-25,6.740655484,-8.712148905,4.117880076
2023-7-26,10.98953345,-9.643984616,1.287480541
2023-7-27,-3.492083132,-10.76290777,15.82988572
2023-7-28,0.101660401,-9.195479512,9.720330566
2023-7-31,-4.934775129,-8.270955771,13.20223299
2023-8-1,4.676545992,-5.480510801,2.622508019
2023-8-2,15.13791242,-12.4990907,1.648403004
2023-8-3,20.50221701,-13.3667253,-1.749031037
2023-8-4,1.637811931,-7.981611043,9.901122779
2023-8-7,2.502641067,-10.13834748,9.679375447
2023-8-8,11.26120049,-8.026284069,-0.298802674
2023-8-9,5.499626622,-11.0349378,7.370610923
2023-8-10,7.56247123,-10.65385833,6.370349735
2023-8-11,4.033523951,-13.30697778,11.03809942
2023-8-14,8.364950001,-11.88789013,7.003671266
2023-8-15,6.368657738,-9.409513324,6.920077458
2023-8-16,-0.559059945,-9.267104775,10.62876201
2023-8-17,11.52541673,-9.803485096,0.508549094
2023-8-18,2.729303926,-7.965625018,7.352641881
2023-8-21,-1.490201414,-7.965183377,10.8634776
2023-8-22,8.505005598,-8.694999516,2.96149224
2023-8-23,6.090193126,-11.47105667,9.082170829
2023-8-24,4.504872959,-11.91572118,10.74658777
2023-8-25,5.615985274,-10.48697644,5.744080722
2023-8-28,3.363462798,-8.135291666,5.385348156
2023-8-29,13.39539128,-8.558194965,-1.499471143
2023-8-30,6.589845391,-10.35043979,8.007624835
2023-8-31,6.262386598,-7.672347873,3.957166523
2023-9-1,11.5177003,-8.435750723,-0.171528727
2023-9-4,-1.922728777,-7.921574026,10.88158849
2023-9-5,-2.165645927,-5.890166789,10.43397315
2023-9-6,9.53864786,-6.593298763,-1.005399495
2023-9-7,5.136348085,-8.533514678,5.443295777
2023-9-8,7.890763596,-8.281472594,2.286029518
2023-9-11,-1.116502345,-6.327676013,7.799666733
2023-9-12,-0.3884238,-5.304421604,6.870443508
2023-9-13,5.406201541,-6.556881309,3.536302045
2023-9-14,12.16270462,-8.119138956,0.038478985
2023-9-15,-2.589143157,-5.224374503,8.428867623
2023-9-18,1.879022896,-7.436212957,5.888108671
2023-9-19,11.25403282,-6.474657148,-2.444664046
2023-9-20,4.374947548,-5.095475167,1.183579236
2023-9-21,3.923350573,-7.763220578,6.089129671
2023-9-22,7.160699308,-6.851835161,2.53755331
2023-9-25,18.73952617,-16.98173028,4.846438766
2023-9-26,2.939852953,-27.06044033,26.35123119
2023-9-27,1.580894127,-24.77306885,28.30334949
2023-9-28,9.171301007,-22.95497228,18.92599293
2023-10-9,7.645344041,-13.50133356,10.41336167
2023-10-10,10.0681858,-18.93050599,14.23446006
2023-10-11,-1.725902319,-21.86904877,26.63627848
2023-10-12,-7.746978045,-17.5335508,28.21101014
2023-10-13,-12.60618712,-23.89739922,41.08883132
2023-10-16,1.703724295,-13.27120036,13.84684981
2023-10-17,-5.75626649,-17.2113741,25.10112479
2023-10-18,-18.06339665,-18.56091267,38.5429267
2023-10-19,-10.01699868,-19.61229113,32.15553844
2023-10-20,4.829795957,-18.7756069,20.12652501
2023-10-23,6.231498692,-27.16256115,27.76754963
2023-10-24,-1.590402305,-15.73297149,20.83181767
2023-10-25,-13.39355907,-22.92622536,37.93296476
2023-10-26,7.985313464,-21.50437152,18.6591633
2023-10-27,2.758557793,-21.77123407,23.93743137
2023-10-30,-2.218206376,-18.18280911,24.74997748
2023-10-31,3.280553758,-19.96544582,21.28025591
2023-11-1,21.87742037,-23.35339716,7.209009916
2023-11-2,-6.955221444,-17.1355387,26.04078396
2023-11-3,3.266220126,-26.14855358,29.74048455
2023-11-6,4.880519497,-18.29160488,18.59080842
2023-11-7,1.538513556,-18.76359066,21.8211035
2023-11-8,7.075608514,-25.20161793,23.61587897
2023-11-9,2.281331647,-21.39585021,23.35911025
2023-11-10,1.268044621,-19.63018441,22.50586615
2023-11-13,0.845230937,-20.60767469,23.75920273
2023-11-14,-1.034604043,-25.26843217,29.98224804
2023-11-15,-4.59556479,-19.31045407,27.06172439
2023-11-16,-6.737817153,-16.75570622,26.11158913
2023-11-17,-11.23840049,-13.08621708,25.86125612
2023-11-20,-15.02883236,-14.91702878,29.86221723
2023-11-21,-16.24454134,-20.94833896,36.22658196
2023-11-22,5.732023178,-20.54050967,19.10762678
2023-11-23,-7.682301506,-19.32245913,31.04660888
2023-11-24,1.04010768,-18.81629059,24.48038344
2023-11-27,-22.07843937,-19.78361854,42.75189602
2023-11-28,-10.37495759,-14.75770685,25.9313561
2023-11-29,-4.85629911,-16.6401242,21.83499581
2023-11-30,-23.81986731,-22.55394477,47.26179023
2023-12-1,-8.468696684,-24.50668859,37.33853106
2023-12-4,-5.972662851,-16.79944137,24.68316083
2023-12-5,-5.699639753,-15.02512375,22.8835597
2023-12-6,-7.072996873,-17.670324,25.48693037
2023-12-7,-6.353850123,-18.14661399,26.83105031
2023-12-8,15.80924055,-21.22387084,11.86601849
2023-12-11,12.87753426,-16.97396749,10.45275933
2023-12-12,-4.562094867,-21.83469889,31.31527364
2023-12-13,0.803023309,-17.04634446,19.15289676
2023-12-14,-7.722472047,-16.89453226,28.12157209
2023-12-15,3.454555526,-20.73944506,22.24194109
2023-12-18,-13.13160665,-17.89133328,34.2541908
2023-12-19,0.582848936,-15.54199091,17.23865388
2023-12-20,21.54651096,-22.16126373,7.26028572
2023-12-21,-6.145040482,-18.9992319,27.73210606
2023-12-22,-14.9414905,-19.70934516,36.48672485
2023-12-25,-14.87381673,-13.29201141,28.20816392
2023-12-26,-12.37986593,-11.58412921,24.48420048
2023-12-27,-8.42799598,-15.12098014,24.82631829
2023-12-28,-5.752322312,-19.70643356,27.11237743
2023-12-29,-0.531290002,-16.84740266,21.68864338
2024-1-2,-9.587755337,-21.02448002,32.74790528
2024-1-3,-10.79192603,-19.99568281,34.04888727
2024-1-4,7.280642092,-16.30038241,12.5896956
2024-1-5,5.275348663,-19.80555075,20.06354803
2024-1-8,-0.860414982,-11.53404137,14.35527587
2024-1-9,-4.347699434,-10.70584971,17.07673985
2024-1-10,-13.03913298,-16.31503505,30.81986949
2024-1-11,-9.23716449,-14.70767546,25.60180898
2024-1-12,-3.42518571,-13.38844639,19.37222594
2024-1-15,0.225149542,-11.95130414,15.24744922
2024-1-16,6.521656454,-15.70575392,13.07541546
2024-1-17,7.217267305,-19.52186632,15.65619788
2024-1-18,0.044247597,-14.7539306,17.51971264
2024-1-19,-7.770589888,-17.08453074,26.11089209
2024-1-22,4.83858341,-11.85691211,8.069336101
2024-1-23,0.784814559,-16.30440572,17.38745075
2024-1-24,-10.53593431,-13.94586268,25.28607102
2024-1-25,-17.38208223,-14.60249299,31.36156906
2024-1-26,-3.310660496,-14.94758448,21.37030441
2024-1-29,-2.463480666,-11.17451692,15.88035077
2024-1-30,-13.86423239,-14.62353936,28.81333002
2024-1-31,-7.509555911,-12.34988308,21.09375668
2024-2-1,19.3741058,-15.98996377,0.849025577
2024-2-2,-0.133174777,-15.89829564,20.69923034
2024-2-5,-6.681922005,-12.79147139,22.39328229
2024-2-6,-1.359209489,-16.81563562,18.17443886
2024-2-7,-9.228253409,-16.64404109,27.66209041
2024-2-8,-5.922975332,-13.86726546,21.7874234
2024-2-9,-6.916066512,-9.007671893,17.37134883
2024-2-19,-6.714952916,-15.2465055,22.75593443
2024-2-20,-11.26042837,-12.78939688,25.4543027
2024-2-21,-9.711223146,-14.00445914,23.3149192
2024-2-22,-7.311500851,-15.80702117,23.9055075
2024-2-23,-4.611381281,-9.868484318,14.61733261
2024-2-26,-5.252794683,-12.01825792,19.53337541
2024-2-27,-2.027883036,-16.21371841,19.37524545
2024-2-28,-3.721815279,-14.46780655,19.28397377
2024-2-29,-13.36695993,-16.08105612,30.3058944
2024-3-1,-5.943622008,-9.021926492,16.33184844
2024-3-4,-11.45612246,-10.90254396,21.83516276
2024-3-5,-3.939308008,-14.76007879,19.72144356
2024-3-6,-8.968772992,-8.966370463,18.91012296
2024-3-7,-2.138741195,-14.36814749,18.27592076
2024-3-8,4.772853315,-17.88760006,15.76385003
2024-3-11,-11.66043012,-11.18885988,24.21289904
2024-3-12,-0.205157608,-11.94668353,15.9411649
2024-3-13,-5.027176738,-14.98368832,22.25966105
2024-3-14,-8.807339996,-13.02886125,21.63056877
2024-3-15,3.10620793,-19.90095758,19.59501171
2024-3-18,-2.562143639,-13.40207708,17.99198768
2024-3-19,5.126450568,-17.77907506,16.38897014
2024-3-20,13.58622896,-23.00794253,15.11191054
2024-3-21,11.49000223,-22.4121938,14.48224644
2024-3-22,-6.304174989,-18.45009041,27.52296011
2024-3-25,5.865939396,-15.723398,12.38588701
2024-3-26,9.286908716,-14.51576418,8.411401615
